date;commit;algorithm name;parameters;scale factor;benchmark name;db system;algorithm runtime;algorithm cost time;algorithm index creation time;algorithm created #indexes;#indexes;index create time;memory consumption;cost requests;cache hits;10a.sql;11d.sql;12a.sql;13c.sql;14c.sql;15d.sql;16a.sql;17e.sql;18b.sql;19a.sql;1b.sql;20c.sql;21c.sql;22d.sql;23a.sql;24a.sql;25b.sql;26b.sql;27c.sql;28b.sql;29b.sql;2c.sql;30c.sql;31c.sql;32a.sql;33a.sql;3c.sql;4b.sql;5a.sql;6e.sql;7b.sql;8b.sql;9c.sql;indexed columns
2026-06-30 11:13:42;53e9803;relaxation;{"max_index_width": 2, "budget_MB": 250, "benchmark_name": "JOB_REFINED", "allowed_transformations": ["splitting", "merging", "prefixing", "removal"]};1;JOB_REFINED;postgres;121.03;108.1869900226593;2.742253303527832;3332;11;2.81;2015559680;50490;45377;{"Runtimes": [909.6779823303223], "Hits": [0.3739718093179888], "Cost": 485178.36};{"Runtimes": [123.88396263122559], "Hits": [0.8733614876926686], "Cost": 52089.38};{"Runtimes": [482.0899963378906], "Hits": [0.8426518915944666], "Cost": 241381.45};{"Runtimes": [1169.0733432769775], "Hits": [0.9541506468300296], "Cost": 257952.27};{"Runtimes": [611.9558811187744], "Hits": [0.4335258649836583], "Cost": 307842.37};{"Runtimes": [997.6108074188232], "Hits": [0.4711402030905931], "Cost": 299645.75};{"Runtimes": [913.2928848266602], "Hits": [0.32261682159972643], "Cost": 512233.87};{"Runtimes": [2860.419988632202], "Hits": [0.9641434969788162], "Cost": 512503.18};{"Runtimes": [1621.917963027954], "Hits": [0.37042184434270764], "Cost": 740804.92};{"Runtimes": [1410.4351997375488], "Hits": [0.5802400327711299], "Cost": 737184.39};{"Runtimes": [32.083988189697266], "Hits": [0.3616652211621856], "Cost": 20176.21};{"Runtimes": [2368.4701919555664], "Hits": [0.5324184337135964], "Cost": 512625.55};{"Runtimes": [1509.5069408416748], "Hits": [0.15164546566249565], "Cost": 308094.16};{"Runtimes": [801.659107208252], "Hits": [0.7566062629207803], "Cost": 307843.58};{"Runtimes": [373.5780715942383], "Hits": [0.06456241752838529], "Cost": 321688.37};{"Runtimes": [3615.097999572754], "Hits": [0.3890003677194645], "Cost": 788040.41};{"Runtimes": [1127.1350383758545], "Hits": [0.2518542679148048], "Cost": 791105.61};{"Runtimes": [2928.922176361084], "Hits": [0.14193150540707206], "Cost": 512580.57};{"Runtimes": [505.98764419555664], "Hits": [0.1780817084412062], "Cost": 308094.35};{"Runtimes": [580.2381038665771], "Hits": [0.5881906792699787], "Cost": 306619.27};{"Runtimes": [1079.291820526123], "Hits": [0.4040118762145513], "Cost": 753377.98};{"Runtimes": [211.65704727172852], "Hits": [0.9533845410770216], "Cost": 51919.67};{"Runtimes": [3715.179920196533], "Hits": [0.8813046290307678], "Cost": 822594.32};{"Runtimes": [1661.3712310791016], "Hits": [0.8368681547398309], "Cost": 822930.96};{"Runtimes": [99.31111335754395], "Hits": [0.07147294186428911], "Cost": 51904.73};{"Runtimes": [68.2058334350586], "Hits": [0.8652780315488154], "Cost": 3719.66};{"Runtimes": [710.8938694000244], "Hits": [0.19599442944715123], "Cost": 307879.61};{"Runtimes": [110.5809211730957], "Hits": [0.6515399237016656], "Cost": 51971.44};{"Runtimes": [196.64812088012695], "Hits": [0.0032873806998939556], "Cost": 322288.25};{"Runtimes": [1571.4099407196045], "Hits": [0.022302289519292164], "Cost": 512351.77};{"Runtimes": [1300.5239963531494], "Hits": [0.3306220560384597], "Cost": 467171.8};{"Runtimes": [583.7161540985107], "Hits": [0.34602532086054083], "Cost": 448158.86};{"Runtimes": [1039.9677753448486], "Hits": [0.813007461252398], "Cost": 505019.63};[I(C company_name.id), I(C keyword.id), I(C complete_cast.movie_id), I(C movie_info_idx.movie_id), I(C person_info.person_id), I(C aka_name.person_id), I(C movie_link.link_type_id,C movie_link.movie_id), I(C movie_link.linked_movie_id,C movie_link.link_type_id), I(C movie_link.movie_id,C movie_link.link_type_id), I(C movie_companies.movie_id,C movie_companies.company_id), I(C complete_cast.status_id,C complete_cast.movie_id)]
2026-06-30 11:16:21;53e9803;relaxation;{"max_index_width": 2, "budget_MB": 500, "benchmark_name": "JOB_REFINED", "allowed_transformations": ["splitting", "merging", "prefixing", "removal"]};1;JOB_REFINED;postgres;103.07;91.41374015808105;2.5723721981048584;3170;15;7.36;2158960640;44847;40427;{"Runtimes": [760.932207107544], "Hits": [0.37639638479997795], "Cost": 484676.31};{"Runtimes": [52.59990692138672], "Hits": [0.9905248462886506], "Cost": 2945.49};{"Runtimes": [3117.403745651245], "Hits": [0.8414136380937439], "Cost": 241299.87};{"Runtimes": [1154.3471813201904], "Hits": [0.9543034707300724], "Cost": 257939.76};{"Runtimes": [798.9859580993652], "Hits": [0.7440737976044541], "Cost": 259688.75};{"Runtimes": [856.5549850463867], "Hits": [0.46979165910581083], "Cost": 299714.91};{"Runtimes": [1946.8920230865479], "Hits": [0.6326373476465558], "Cost": 464374.27};{"Runtimes": [3449.211835861206], "Hits": [0.9696761951980305], "Cost": 464686.47};{"Runtimes": [1098.526954650879], "Hits": [0.3702512924332825], "Cost": 741195.19};{"Runtimes": [1378.8578510284424], "Hits": [0.5801360871162393], "Cost": 737847.97};{"Runtimes": [127.48312950134277], "Hits": [0.14726664187430272], "Cost": 20152.55};{"Runtimes": [2209.972858428955], "Hits": [0.7552983549342014], "Cost": 464978.01};{"Runtimes": [436.8917942047119], "Hits": [0.4980826926970532], "Cost": 259969.48};{"Runtimes": [807.758092880249], "Hits": [0.8216961866254444], "Cost": 259692.21};{"Runtimes": [416.52607917785645], "Hits": [0.2605996878069457], "Cost": 305237.52};{"Runtimes": [1173.0320453643799], "Hits": [0.5894846308633396], "Cost": 740167.55};{"Runtimes": [2354.043960571289], "Hits": [0.2095843507952601], "Cost": 744074.46};{"Runtimes": [967.6330089569092], "Hits": [0.3397663108947507], "Cost": 464792.47};{"Runtimes": [411.3306999206543], "Hits": [0.4976703588507923], "Cost": 259971.35};{"Runtimes": [2717.967987060547], "Hits": [0.7299506401929857], "Cost": 259101.55};{"Runtimes": [2364.6459579467773], "Hits": [0.41963936230228654], "Cost": 705573.92};{"Runtimes": [226.03297233581543], "Hits": [0.9714182159739451], "Cost": 2740.01};{"Runtimes": [2902.1289348602295], "Hits": [0.5136023785277439], "Cost": 775660.88};{"Runtimes": [4019.0110206604004], "Hits": [0.8871334861690316], "Cost": 775590.02};{"Runtimes": [9.950399398803711], "Hits": [0.005235602094240838], "Cost": 2703.87};{"Runtimes": [111.39988899230957], "Hits": [0.9544554455445544], "Cost": 3230.25};{"Runtimes": [422.95336723327637], "Hits": [0.4748961907316126], "Cost": 259869.5};{"Runtimes": [24.37114715576172], "Hits": [0.9688587046546298], "Cost": 3016.41};{"Runtimes": [60.80317497253418], "Hits": [0.03711558854718982], "Cost": 322476.32};{"Runtimes": [832.1490287780762], "Hits": [0.023079283495071153], "Cost": 464489.27};{"Runtimes": [924.644947052002], "Hits": [0.3338343126305055], "Cost": 467244.95};{"Runtimes": [535.4487895965576], "Hits": [0.33036585493804493], "Cost": 447956.73};{"Runtimes": [889.6968364715576], "Hits": [0.8114214336088161], "Cost": 505155.6};[I(C company_name.id), I(C info_type.id), I(C keyword.id), I(C link_type.id), I(C title.id), I(C movie_info_idx.movie_id), I(C complete_cast.movie_id), I(C movie_companies.movie_id), I(C person_info.person_id), I(C aka_name.person_id), I(C movie_keyword.keyword_id,C movie_keyword.movie_id), I(C movie_link.link_type_id,C movie_link.movie_id), I(C movie_link.linked_movie_id,C movie_link.link_type_id), I(C movie_link.movie_id,C movie_link.link_type_id), I(C complete_cast.status_id,C complete_cast.movie_id)]
2026-06-30 11:19:02;53e9803;relaxation;{"max_index_width": 2, "budget_MB": 1000, "benchmark_name": "JOB_REFINED", "allowed_transformations": ["splitting", "merging", "prefixing", "removal"]};1;JOB_REFINED;postgres;108.48;96.67458915710449;2.4708993434906006;3063;15;10.97;2266980352;45639;40682;{"Runtimes": [352.7541160583496], "Hits": [0.48383512373241794], "Cost": 45508.68};{"Runtimes": [126.77121162414551], "Hits": [0.8656237485496011], "Cost": 52090.93};{"Runtimes": [440.76991081237793], "Hits": [0.8429076082838686], "Cost": 241354.42};{"Runtimes": [1100.0959873199463], "Hits": [0.9536814389370573], "Cost": 257976.06};{"Runtimes": [512.6821994781494], "Hits": [0.433844246590781], "Cost": 307900.29};{"Runtimes": [761.9287967681885], "Hits": [0.468516596380951], "Cost": 299575.65};{"Runtimes": [338.4857177734375], "Hits": [0.7351312049038369], "Cost": 51900.76};{"Runtimes": [5493.677139282227], "Hits": [0.8947125965375469], "Cost": 52191.43};{"Runtimes": [521.7421054840088], "Hits": [0.6014330455897976], "Cost": 240742.76};{"Runtimes": [3060.7330799102783], "Hits": [0.8623179168670874], "Cost": 261557.27};{"Runtimes": [50.14991760253906], "Hits": [0.010536754679558696], "Cost": 20167.36};{"Runtimes": [1242.103099822998], "Hits": [0.6815571007033584], "Cost": 52293.85};{"Runtimes": [470.90983390808105], "Hits": [0.1556737172131518], "Cost": 308173.9};{"Runtimes": [552.2820949554443], "Hits": [0.7525642761434781], "Cost": 307901.5};{"Runtimes": [347.11503982543945], "Hits": [0.18297939101293018], "Cost": 321714.2};{"Runtimes": [1995.6629276275635], "Hits": [0.6530348193520914], "Cost": 307670.1};{"Runtimes": [455.9950828552246], "Hits": [0.43108293323258423], "Cost": 291052.15};{"Runtimes": [350.50177574157715], "Hits": [0.5932096307963928], "Cost": 52249.36};{"Runtimes": [1203.6998271942139], "Hits": [0.12662819993387076], "Cost": 104645.27};{"Runtimes": [548.3551025390625], "Hits": [0.5888024734989994], "Cost": 306642.42};{"Runtimes": [1126.8219947814941], "Hits": [0.09860955096632967], "Cost": 359084.0};{"Runtimes": [175.22597312927246], "Hits": [0.942236577779918], "Cost": 51920.32};{"Runtimes": [3452.070713043213], "Hits": [0.7864168039842371], "Cost": 322694.69};{"Runtimes": [2603.9440631866455], "Hits": [0.9402569677138765], "Cost": 323005.82};{"Runtimes": [90.87181091308594], "Hits": [0.1134536685179772], "Cost": 51904.73};{"Runtimes": [128.14712524414062], "Hits": [0.8607677293428757], "Cost": 3696.32};{"Runtimes": [2723.3407497406006], "Hits": [0.19593551706396845], "Cost": 307950.33};{"Runtimes": [113.47603797912598], "Hits": [0.600895907272268], "Cost": 51971.44};{"Runtimes": [58.16912651062012], "Hits": [0.003658536585365854], "Cost": 322299.36};{"Runtimes": [155.4250717163086], "Hits": [0.160100137092448], "Cost": 52025.13};{"Runtimes": [1329.8540115356445], "Hits": [0.3557871619382993], "Cost": 73425.13};{"Runtimes": [89.39814567565918], "Hits": [0.6577552171460801], "Cost": 44215.36};{"Runtimes": [1972.687005996704], "Hits": [0.8182653657369093], "Cost": 505864.12};[I(C company_name.id), I(C link_type.id), I(C info_type.id), I(C keyword.id), I(C company_type.id), I(C comp_cast_type.id), I(C cast_info.movie_id), I(C movie_info_idx.movie_id), I(C movie_link.movie_id), I(C complete_cast.movie_id), I(C movie_companies.movie_id), I(C aka_name.person_id), I(C movie_link.link_type_id,C movie_link.movie_id), I(C movie_link.linked_movie_id,C movie_link.link_type_id), I(C complete_cast.status_id,C complete_cast.movie_id)]
2026-06-30 11:22:27;53e9803;relaxation;{"max_index_width": 2, "budget_MB": 1750, "benchmark_name": "JOB_REFINED", "allowed_transformations": ["splitting", "merging", "prefixing", "removal"]};1;JOB_REFINED;postgres;115.67;102.73256826400757;2.7644670009613037;3366;16;22.95;2595971072;51480;46449;{"Runtimes": [768.9118385314941], "Hits": [0.4771168534562338], "Cost": 46518.57};{"Runtimes": [53.212881088256836], "Hits": [0.9961075641421214], "Cost": 2944.37};{"Runtimes": [216.51029586791992], "Hits": [0.8511984755078678], "Cost": 16822.99};{"Runtimes": [349.8420715332031], "Hits": [0.9717463910097383], "Cost": 19236.71};{"Runtimes": [669.3098545074463], "Hits": [0.6088592714195286], "Cost": 3096.55};{"Runtimes": [2039.4549369812012], "Hits": [0.5300412751924477], "Cost": 249383.44};{"Runtimes": [112.48397827148438], "Hits": [0.8353644690031035], "Cost": 2692.44};{"Runtimes": [14523.828029632568], "Hits": [0.8962405449714921], "Cost": 3399.95};{"Runtimes": [326.80225372314453], "Hits": [0.6438742611499194], "Cost": 17133.11};{"Runtimes": [4030.8778285980225], "Hits": [0.8623268465976108], "Cost": 261243.64};{"Runtimes": [44.56281661987305], "Hits": [0.012151270923744576], "Cost": 20174.11};{"Runtimes": [9473.327159881592], "Hits": [0.6132517830610225], "Cost": 3281.07};{"Runtimes": [29.38103675842285], "Hits": [0.9816378117994945], "Cost": 2658.92};{"Runtimes": [1158.8020324707031], "Hits": [0.7883561666161434], "Cost": 3098.69};{"Runtimes": [69.5197582244873], "Hits": [0.7412540759341854], "Cost": 31232.13};{"Runtimes": [285.844087600708], "Hits": [0.9410287331984274], "Cost": 3269.34};{"Runtimes": [329.373836517334], "Hits": [0.8876417192557365], "Cost": 3368.05};{"Runtimes": [140.89512825012207], "Hits": [0.8067257548769234], "Cost": 3096.74};{"Runtimes": [56.375980377197266], "Hits": [0.9910829791166142], "Cost": 1484.47};{"Runtimes": [278.31077575683594], "Hits": [0.899323110598256], "Cost": 3095.19};{"Runtimes": [54.99601364135742], "Hits": [0.6132241076653013], "Cost": 2832.06};{"Runtimes": [196.61307334899902], "Hits": [0.9716389986421228], "Cost": 2737.9};{"Runtimes": [15969.792127609253], "Hits": [0.4574276415203999], "Cost": 3791.59};{"Runtimes": [1099.919080734253], "Hits": [0.9332954307337696], "Cost": 3907.57};{"Runtimes": [4.820346832275391], "Hits": [0.9465968586387434], "Cost": 2706.76};{"Runtimes": [47.47915267944336], "Hits": [0.8841899804814574], "Cost": 3686.32};{"Runtimes": [446.3040828704834], "Hits": [0.6766329616022368], "Cost": 3478.35};{"Runtimes": [23.794174194335938], "Hits": [0.9866241510684115], "Cost": 3017.84};{"Runtimes": [63.01307678222656], "Hits": [0.02632833607035016], "Cost": 39282.51};{"Runtimes": [196.58279418945312], "Hits": [0.6108922037714607], "Cost": 3002.14};{"Runtimes": [130.3248405456543], "Hits": [0.7998754055807917], "Cost": 7482.98};{"Runtimes": [136.51514053344727], "Hits": [0.6622548098013411], "Cost": 43151.57};{"Runtimes": [3417.4060821533203], "Hits": [0.8119209465332929], "Cost": 505907.07};[I(C company_name.id), I(C info_type.id), I(C keyword.id), I(C movie_keyword.movie_id), I(C cast_info.movie_id), I(C movie_info_idx.movie_id), I(C movie_link.movie_id), I(C complete_cast.movie_id), I(C movie_companies.movie_id), I(C movie_info.movie_id), I(C person_info.person_id), I(C aka_name.person_id), I(C movie_keyword.keyword_id,C movie_keyword.movie_id), I(C movie_link.link_type_id,C movie_link.movie_id), I(C movie_link.linked_movie_id,C movie_link.link_type_id), I(C complete_cast.status_id,C complete_cast.movie_id)]
2026-06-30 11:25:42;53e9803;relaxation;{"max_index_width": 2, "budget_MB": 2500, "benchmark_name": "JOB_REFINED", "allowed_transformations": ["splitting", "merging", "prefixing", "removal"]};1;JOB_REFINED;postgres;109.74;98.21266293525696;2.4358150959014893;3016;18;33.43;2923675648;42471;37983;{"Runtimes": [658.1380367279053], "Hits": [0.48098712417004574], "Cost": 45749.85};{"Runtimes": [51.592111587524414], "Hits": [0.9892713933525411], "Cost": 2946.76};{"Runtimes": [169.50678825378418], "Hits": [0.8535947154731686], "Cost": 16832.27};{"Runtimes": [365.28778076171875], "Hits": [0.971699098164358], "Cost": 19236.71};{"Runtimes": [449.5241641998291], "Hits": [0.6031522461144672], "Cost": 3096.42};{"Runtimes": [1254.7600269317627], "Hits": [0.5292463722075896], "Cost": 248983.35};{"Runtimes": [139.41216468811035], "Hits": [0.8363135615425374], "Cost": 2693.42};{"Runtimes": [20054.73804473877], "Hits": [0.8961515309069408], "Cost": 3468.13};{"Runtimes": [366.12606048583984], "Hits": [0.6429914792354341], "Cost": 17130.83};{"Runtimes": [170.3488826751709], "Hits": [0.3828523874856616], "Cost": 84348.2};{"Runtimes": [31.111955642700195], "Hits": [0.011655300681959082], "Cost": 20163.55};{"Runtimes": [3497.4918365478516], "Hits": [0.61212413400502], "Cost": 3281.29};{"Runtimes": [23.971080780029297], "Hits": [0.9955930840369923], "Cost": 2658.9};{"Runtimes": [518.8431739807129], "Hits": [0.7908627753928595], "Cost": 3098.56};{"Runtimes": [415.65585136413574], "Hits": [0.7359966433901759], "Cost": 31214.19};{"Runtimes": [592.432975769043], "Hits": [0.9375427024486586], "Cost": 3236.99};{"Runtimes": [178.6339282989502], "Hits": [0.8926934343525668], "Cost": 3368.44};{"Runtimes": [739.2568588256836], "Hits": [0.8900452187790929], "Cost": 3096.67};{"Runtimes": [64.27788734436035], "Hits": [0.9917298096470153], "Cost": 1901.55};{"Runtimes": [199.84006881713867], "Hits": [0.8991724263729117], "Cost": 3095.08};{"Runtimes": [45.75204849243164], "Hits": [0.842305441778818], "Cost": 2832.8};{"Runtimes": [172.65629768371582], "Hits": [0.9719159341276404], "Cost": 2740.99};{"Runtimes": [8267.713069915771], "Hits": [0.6186958542480014], "Cost": 3792.01};{"Runtimes": [1663.5608673095703], "Hits": [0.9338809180441026], "Cost": 3910.1};{"Runtimes": [5.2509307861328125], "Hits": [0.9465968586387434], "Cost": 2706.73};{"Runtimes": [47.73402214050293], "Hits": [0.8620689655172413], "Cost": 3725.07};{"Runtimes": [332.8120708465576], "Hits": [0.673384841508305], "Cost": 90894.22};{"Runtimes": [64.94522094726562], "Hits": [0.37999275099673796], "Cost": 16318.79};{"Runtimes": [55.34720420837402], "Hits": [0.008750066288380973], "Cost": 37466.73};{"Runtimes": [18.629074096679688], "Hits": [0.6462144666479032], "Cost": 3009.1};{"Runtimes": [158.4489345550537], "Hits": [0.7963452303698897], "Cost": 7506.55};{"Runtimes": [108.41917991638184], "Hits": [0.6734849909130789], "Cost": 42979.31};{"Runtimes": [549.9069690704346], "Hits": [0.6936718411208693], "Cost": 169960.17};[I(C company_name.id), I(C kind_type.id), I(C info_type.id), I(C keyword.id), I(C movie_keyword.movie_id), I(C cast_info.movie_id), I(C movie_info_idx.movie_id), I(C complete_cast.movie_id), I(C movie_companies.movie_id), I(C movie_info.movie_id), I(C person_info.person_id), I(C cast_info.person_id), I(C aka_name.person_id), I(C movie_keyword.keyword_id,C movie_keyword.movie_id), I(C movie_link.link_type_id,C movie_link.movie_id), I(C movie_link.linked_movie_id,C movie_link.link_type_id), I(C movie_link.movie_id,C movie_link.link_type_id), I(C complete_cast.status_id,C complete_cast.movie_id)]
2026-06-30 11:29:04;53e9803;relaxation;{"max_index_width": 2, "budget_MB": 3000, "benchmark_name": "JOB_REFINED", "allowed_transformations": ["splitting", "merging", "prefixing", "removal"]};1;JOB_REFINED;postgres;101.19;89.5182433128357;2.458963394165039;3046;21;41.78;3144687616;45375;41338;{"Runtimes": [1957.6880931854248], "Hits": [0.48128457430441113], "Cost": 45594.69};{"Runtimes": [47.821760177612305], "Hits": [0.9948495559449907], "Cost": 2944.26};{"Runtimes": [239.4392490386963], "Hits": [0.8550982246333018], "Cost": 16797.13};{"Runtimes": [235.56113243103027], "Hits": [0.9726035845140252], "Cost": 19206.36};{"Runtimes": [2925.508975982666], "Hits": [0.6099060655697797], "Cost": 3096.32};{"Runtimes": [2173.0687618255615], "Hits": [0.5446333952105604], "Cost": 249544.35};{"Runtimes": [137.7849578857422], "Hits": [0.839009450166819], "Cost": 2690.02};{"Runtimes": [17985.286951065063], "Hits": [0.8993478732189534], "Cost": 3401.28};{"Runtimes": [585.8559608459473], "Hits": [0.6465801796269287], "Cost": 17073.39};{"Runtimes": [172.06192016601562], "Hits": [0.3887733186402942], "Cost": 236728.28};{"Runtimes": [35.1252555847168], "Hits": [0.012892029254989463], "Cost": 20129.27};{"Runtimes": [4002.102851867676], "Hits": [0.6205324737052124], "Cost": 3280.18};{"Runtimes": [27.265071868896484], "Hits": [0.9952094474153298], "Cost": 2659.0};{"Runtimes": [1730.2021980285645], "Hits": [0.7907291330523585], "Cost": 3098.46};{"Runtimes": [166.5949821472168], "Hits": [0.7403770473370563], "Cost": 30497.23};{"Runtimes": [240.75007438659668], "Hits": [0.8801752901922083], "Cost": 3281.76};{"Runtimes": [182.10101127624512], "Hits": [0.8968776384815151], "Cost": 3364.87};{"Runtimes": [141.03007316589355], "Hits": [0.8675605133661392], "Cost": 3096.62};{"Runtimes": [54.39400672912598], "Hits": [0.9925460481734738], "Cost": 2000.2};{"Runtimes": [123.34609031677246], "Hits": [0.9360294770487436], "Cost": 3095.18};{"Runtimes": [56.23602867126465], "Hits": [0.4379754242246928], "Cost": 2836.34};{"Runtimes": [164.18790817260742], "Hits": [0.9713990729680337], "Cost": 2736.53};{"Runtimes": [12135.547161102295], "Hits": [0.32665236652085766], "Cost": 3974.99};{"Runtimes": [1304.697036743164], "Hits": [0.93297772683011], "Cost": 3909.48};{"Runtimes": [6.7119598388671875], "Hits": [0.9476439790575916], "Cost": 2708.91};{"Runtimes": [42.41585731506348], "Hits": [0.8921156917253209], "Cost": 3725.62};{"Runtimes": [897.6140022277832], "Hits": [0.6748351348187459], "Cost": 3508.31};{"Runtimes": [51.177978515625], "Hits": [0.9019173430511843], "Cost": 3017.48};{"Runtimes": [53.443193435668945], "Hits": [0.4110940234395715], "Cost": 43822.84};{"Runtimes": [8.941888809204102], "Hits": [0.7193920630453138], "Cost": 2998.12};{"Runtimes": [229.27474975585938], "Hits": [0.7998909798831927], "Cost": 7210.08};{"Runtimes": [134.20414924621582], "Hits": [0.6716174719558814], "Cost": 43795.9};{"Runtimes": [1114.0799522399902], "Hits": [0.6972329256813687], "Cost": 170716.33};[I(C company_name.id), I(C kind_type.id), I(C info_type.id), I(C keyword.id), I(C char_name.id), I(C name.id), I(C title.id), I(C movie_keyword.movie_id), I(C cast_info.movie_id), I(C movie_info_idx.movie_id), I(C complete_cast.movie_id), I(C movie_companies.movie_id), I(C movie_info.movie_id), I(C person_info.person_id), I(C cast_info.person_id), I(C aka_name.person_id), I(C movie_keyword.keyword_id,C movie_keyword.movie_id), I(C movie_link.link_type_id,C movie_link.movie_id), I(C movie_link.linked_movie_id,C movie_link.link_type_id), I(C movie_link.movie_id,C movie_link.link_type_id), I(C complete_cast.status_id,C complete_cast.movie_id)]
2026-06-30 11:31:54;53e9803;relaxation;{"max_index_width": 2, "budget_MB": 3500, "benchmark_name": "JOB_REFINED", "allowed_transformations": ["splitting", "merging", "prefixing", "removal"]};1;JOB_REFINED;postgres;84.25;74.94446158409119;2.0602493286132812;2574;23;39.24;3269517312;31845;28521;{"Runtimes": [883.2707405090332], "Hits": [0.4776237704946037], "Cost": 44833.98};{"Runtimes": [66.53809547424316], "Hits": [0.9943808890893124], "Cost": 2945.67};{"Runtimes": [173.86674880981445], "Hits": [0.8519201916991972], "Cost": 16798.97};{"Runtimes": [206.1331272125244], "Hits": [0.9726361901856189], "Cost": 19206.27};{"Runtimes": [397.4430561065674], "Hits": [0.6099965915177484], "Cost": 3096.15};{"Runtimes": [1748.274803161621], "Hits": [0.5321386491170258], "Cost": 249256.85};{"Runtimes": [123.35729598999023], "Hits": [0.8387648987149403], "Cost": 2690.35};{"Runtimes": [16181.630849838257], "Hits": [0.8991916388912258], "Cost": 3376.45};{"Runtimes": [477.8621196746826], "Hits": [0.6471506335834405], "Cost": 17053.88};{"Runtimes": [780.6739807128906], "Hits": [0.8351600754393018], "Cost": 165155.26};{"Runtimes": [1.1878013610839844], "Hits": [0.48484848484848486], "Cost": 22640.54};{"Runtimes": [4683.496952056885], "Hits": [0.6200100490059246], "Cost": 3279.82};{"Runtimes": [29.295682907104492], "Hits": [0.980512177880599], "Cost": 2658.94};{"Runtimes": [1283.3189964294434], "Hits": [0.7944478578098797], "Cost": 3098.29};{"Runtimes": [91.36605262756348], "Hits": [0.740425627609574], "Cost": 30416.63};{"Runtimes": [399.5170593261719], "Hits": [0.940512943685157], "Cost": 3275.84};{"Runtimes": [106.79292678833008], "Hits": [0.8871300123645997], "Cost": 3367.73};{"Runtimes": [159.43598747253418], "Hits": [0.8757086097119013], "Cost": 3096.46};{"Runtimes": [51.79786682128906], "Hits": [0.9717486793475106], "Cost": 1741.23};{"Runtimes": [412.40715980529785], "Hits": [0.9307718974076574], "Cost": 3095.04};{"Runtimes": [49.64399337768555], "Hits": [0.8469865418373318], "Cost": 2833.28};{"Runtimes": [204.26702499389648], "Hits": [0.9731602295118789], "Cost": 2739.18};{"Runtimes": [5851.098299026489], "Hits": [0.621554174662332], "Cost": 3795.83};{"Runtimes": [1160.5510711669922], "Hits": [0.9336644216467294], "Cost": 3913.44};{"Runtimes": [5.342960357666016], "Hits": [0.9602094240837696], "Cost": 2708.89};{"Runtimes": [77.80003547668457], "Hits": [0.8817058023303957], "Cost": 3717.09};{"Runtimes": [414.4020080566406], "Hits": [0.6781779633459503], "Cost": 3492.13};{"Runtimes": [135.88523864746094], "Hits": [0.9027455689912208], "Cost": 3017.12};{"Runtimes": [55.027008056640625], "Hits": [0.16752399639391208], "Cost": 40740.67};{"Runtimes": [119.25077438354492], "Hits": [0.5970443349753695], "Cost": 2987.7};{"Runtimes": [133.43262672424316], "Hits": [0.803653181351023], "Cost": 7205.62};{"Runtimes": [95.48306465148926], "Hits": [0.6680207685374431], "Cost": 42742.31};{"Runtimes": [1598.2410907745361], "Hits": [0.915266393219042], "Cost": 152735.07};[I(C company_name.id), I(C kind_type.id), I(C info_type.id), I(C keyword.id), I(C name.id), I(C char_name.id), I(C link_type.id), I(C title.id), I(C movie_keyword.movie_id), I(C movie_info_idx.movie_id), I(C movie_link.movie_id), I(C complete_cast.movie_id), I(C movie_companies.movie_id), I(C movie_info.movie_id), I(C person_info.person_id), I(C aka_name.person_id), I(C cast_info.role_id), I(C movie_info_idx.info_type_id,C movie_info_idx.movie_id), I(C movie_keyword.keyword_id,C movie_keyword.movie_id), I(C movie_link.link_type_id,C movie_link.movie_id), I(C movie_link.linked_movie_id,C movie_link.link_type_id), I(C cast_info.movie_id,C cast_info.role_id), I(C complete_cast.status_id,C complete_cast.movie_id)]
2026-06-30 11:35:16;53e9803;relaxation;{"max_index_width": 2, "budget_MB": 4000, "benchmark_name": "JOB_REFINED", "allowed_transformations": ["splitting", "merging", "prefixing", "removal"]};1;JOB_REFINED;postgres;75.75;66.37908697128296;2.10725736618042;2642;22;65.78;3984973824;33693;30601;{"Runtimes": [668.7171459197998], "Hits": [0.48422770671225007], "Cost": 47216.63};{"Runtimes": [158.23101997375488], "Hits": [0.994831734339264], "Cost": 2944.05};{"Runtimes": [149.27315711975098], "Hits": [0.8520552912818106], "Cost": 16834.68};{"Runtimes": [260.7438564300537], "Hits": [0.9726345673121917], "Cost": 19206.24};{"Runtimes": [483.9959144592285], "Hits": [0.616705736684312], "Cost": 3095.98};{"Runtimes": [1982.8238487243652], "Hits": [0.5318249597580028], "Cost": 249177.02};{"Runtimes": [157.66310691833496], "Hits": [0.8400512805570933], "Cost": 2699.02};{"Runtimes": [7527.451038360596], "Hits": [0.9446817988953536], "Cost": 3501.24};{"Runtimes": [912.8639698028564], "Hits": [0.646483590087073], "Cost": 17149.37};{"Runtimes": [173.85411262512207], "Hits": [0.3504817772226435], "Cost": 83657.06};{"Runtimes": [30.763864517211914], "Hits": [0.18660880347179168], "Cost": 20131.81};{"Runtimes": [3788.2511615753174], "Hits": [0.6207086163028455], "Cost": 3281.08};{"Runtimes": [26.234149932861328], "Hits": [0.980853705118411], "Cost": 2658.87};{"Runtimes": [1204.355001449585], "Hits": [0.7934850988790342], "Cost": 3098.12};{"Runtimes": [110.77499389648438], "Hits": [0.7404744949589596], "Cost": 30384.37};{"Runtimes": [528.6521911621094], "Hits": [0.9412496407660175], "Cost": 3283.68};{"Runtimes": [528.7868976593018], "Hits": [0.9009987355751532], "Cost": 3378.89};{"Runtimes": [143.74399185180664], "Hits": [0.8329474812433012], "Cost": 3096.67};{"Runtimes": [51.527976989746094], "Hits": [0.9783892975568853], "Cost": 1244.31};{"Runtimes": [212.62621879577637], "Hits": [0.915733985462944], "Cost": 3094.85};{"Runtimes": [69.95582580566406], "Hits": [0.5422093584177521], "Cost": 2845.07};{"Runtimes": [174.83925819396973], "Hits": [0.9716083698326646], "Cost": 2736.48};{"Runtimes": [25356.68396949768], "Hits": [0.6069541540157106], "Cost": 3806.35};{"Runtimes": [2735.435962677002], "Hits": [0.9330447438858459], "Cost": 3920.94};{"Runtimes": [6.957054138183594], "Hits": [0.9465968586387434], "Cost": 2708.86};{"Runtimes": [47.75214195251465], "Hits": [0.7896809369951535], "Cost": 3716.55};{"Runtimes": [659.6560478210449], "Hits": [0.6803524400949378], "Cost": 3481.82};{"Runtimes": [23.116111755371094], "Hits": [0.882454033460328], "Cost": 3016.77};{"Runtimes": [53.21478843688965], "Hits": [0.003287903696240123], "Cost": 38040.62};{"Runtimes": [9.340047836303711], "Hits": [0.7007469654528478], "Cost": 3027.28};{"Runtimes": [82.52501487731934], "Hits": [0.859680497996664], "Cost": 6887.11};{"Runtimes": [138.61608505249023], "Hits": [0.6970760380503578], "Cost": 44035.99};{"Runtimes": [409.6689224243164], "Hits": [0.6933691042350444], "Cost": 110720.57};[I(C company_name.id), I(C info_type.id), I(C keyword.id), I(C char_name.id), I(C name.id), I(C title.id), I(C movie_keyword.movie_id), I(C movie_info_idx.movie_id), I(C movie_link.movie_id), I(C complete_cast.movie_id), I(C movie_companies.movie_id), I(C movie_info.movie_id), I(C person_info.person_id), I(C cast_info.person_id), I(C aka_name.person_id), I(C movie_keyword.keyword_id,C movie_keyword.movie_id), I(C movie_link.link_type_id,C movie_link.movie_id), I(C movie_link.linked_movie_id,C movie_link.link_type_id), I(C movie_link.movie_id,C movie_link.link_type_id), I(C cast_info.movie_id,C cast_info.person_id), I(C cast_info.role_id,C cast_info.person_id), I(C complete_cast.status_id,C complete_cast.movie_id)]
2026-06-30 11:38:14;53e9803;relaxation;{"max_index_width": 2, "budget_MB": 4500, "benchmark_name": "JOB_REFINED", "allowed_transformations": ["splitting", "merging", "prefixing", "removal"]};1;JOB_REFINED;postgres;53.11;47.44176387786865;1.571976661682129;1980;29;70.19;4376420352;15378;13400;{"Runtimes": [481.5709590911865], "Hits": [0.482949302570607], "Cost": 46141.56};{"Runtimes": [46.56672477722168], "Hits": [0.989770398312888], "Cost": 2942.79};{"Runtimes": [152.9257297515869], "Hits": [0.8523930402383441], "Cost": 16819.78};{"Runtimes": [246.34504318237305], "Hits": [0.9733660077682929], "Cost": 19206.08};{"Runtimes": [478.09791564941406], "Hits": [0.6091096905237238], "Cost": 3096.17};{"Runtimes": [1362.7738952636719], "Hits": [0.5433862181018828], "Cost": 249522.02};{"Runtimes": [438.6119842529297], "Hits": [0.8401037265813933], "Cost": 2693.18};{"Runtimes": [8024.700880050659], "Hits": [0.9446368856655227], "Cost": 3413.09};{"Runtimes": [577.2826671600342], "Hits": [0.6456351864255414], "Cost": 17119.46};{"Runtimes": [169.07715797424316], "Hits": [0.41892905013971876], "Cost": 167726.45};{"Runtimes": [1.2729167938232422], "Hits": [0.6363636363636364], "Cost": 22676.02};{"Runtimes": [2918.5187816619873], "Hits": [0.6203936274496493], "Cost": 3280.26};{"Runtimes": [23.905038833618164], "Hits": [0.99535182951347], "Cost": 2658.94};{"Runtimes": [538.3639335632324], "Hits": [0.7936578560509014], "Cost": 3098.31};{"Runtimes": [81.24494552612305], "Hits": [0.7456389573978426], "Cost": 30448.52};{"Runtimes": [344.5467948913574], "Hits": [0.9480985810396263], "Cost": 3169.27};{"Runtimes": [86.00282669067383], "Hits": [0.9582554542070738], "Cost": 3373.8};{"Runtimes": [277.1139144897461], "Hits": [0.8904971366918416], "Cost": 3096.7};{"Runtimes": [54.000139236450195], "Hits": [0.9924431274791089], "Cost": 1736.47};{"Runtimes": [227.27084159851074], "Hits": [0.7345083739073722], "Cost": 3095.08};{"Runtimes": [89.76602554321289], "Hits": [0.6673456915868813], "Cost": 2812.26};{"Runtimes": [162.6291275024414], "Hits": [0.9715088262019256], "Cost": 2739.18};{"Runtimes": [6242.950916290283], "Hits": [0.643744131638495], "Cost": 3806.38};{"Runtimes": [20523.328065872192], "Hits": [0.7140640470826964], "Cost": 3912.54};{"Runtimes": [6.905078887939453], "Hits": [0.005235602094240838], "Cost": 2703.93};{"Runtimes": [81.44879341125488], "Hits": [0.9235885628824999], "Cost": 3464.69};{"Runtimes": [1354.0091514587402], "Hits": [0.6752934291380824], "Cost": 3495.85};{"Runtimes": [24.029254913330078], "Hits": [0.976975318866987], "Cost": 3017.12};{"Runtimes": [98.64997863769531], "Hits": [0.0042954870870233865], "Cost": 41955.99};{"Runtimes": [8.455038070678711], "Hits": [0.689853719265484], "Cost": 3000.44};{"Runtimes": [122.93696403503418], "Hits": [0.8583285566892124], "Cost": 6816.42};{"Runtimes": [77.17084884643555], "Hits": [0.6757573099048741], "Cost": 43335.46};{"Runtimes": [380.634069442749], "Hits": [0.7222365206231909], "Cost": 110729.48};[I(C company_name.id), I(C kind_type.id), I(C info_type.id), I(C keyword.id), I(C company_type.id), I(C name.id), I(C char_name.id), I(C link_type.id), I(C comp_cast_type.id), I(C title.id), I(C movie_info_idx.movie_id), I(C movie_link.movie_id), I(C complete_cast.movie_id), I(C movie_companies.movie_id), I(C movie_info.movie_id), I(C person_info.person_id), I(C cast_info.person_id), I(C aka_name.person_id), I(C movie_info_idx.info_type_id,C movie_info_idx.movie_id), I(C movie_keyword.keyword_id,C movie_keyword.movie_id), I(C movie_link.link_type_id,C movie_link.movie_id), I(C movie_link.linked_movie_id,C movie_link.link_type_id), I(C movie_link.movie_id,C movie_link.link_type_id), I(C movie_info.movie_id,C movie_info.info_type_id), I(C cast_info.movie_id,C cast_info.person_id), I(C movie_keyword.movie_id,C movie_keyword.keyword_id), I(C aka_name.person_id,C aka_name.id), I(C cast_info.role_id,C cast_info.person_id), I(C complete_cast.status_id,C complete_cast.movie_id)]
2026-06-30 11:41:04;53e9803;relaxation;{"max_index_width": 2, "budget_MB": 5000, "benchmark_name": "JOB_REFINED", "allowed_transformations": ["splitting", "merging", "prefixing", "removal"]};1;JOB_REFINED;postgres;49.4;43.76741027832031;1.6172981262207031;2071;26;68.74;4340834304;17556;15796;{"Runtimes": [1617.4697875976562], "Hits": [0.48754961865359386], "Cost": 46396.19};{"Runtimes": [47.00303077697754], "Hits": [0.9953065293238079], "Cost": 2943.97};{"Runtimes": [201.6892433166504], "Hits": [0.8525103635600874], "Cost": 16808.77};{"Runtimes": [199.8000144958496], "Hits": [0.9726507008271438], "Cost": 19206.08};{"Runtimes": [231.83822631835938], "Hits": [0.6121808025932289], "Cost": 3096.6};{"Runtimes": [1366.077184677124], "Hits": [0.5280782735068267], "Cost": 249000.26};{"Runtimes": [202.43406295776367], "Hits": [0.8512024807358273], "Cost": 2690.38};{"Runtimes": [7715.667009353638], "Hits": [0.9456574609403829], "Cost": 3359.74};{"Runtimes": [1128.9479732513428], "Hits": [0.65209070902306], "Cost": 17111.31};{"Runtimes": [191.0390853881836], "Hits": [0.34045187600104504], "Cost": 169947.44};{"Runtimes": [31.083106994628906], "Hits": [0.011655300681959082], "Cost": 20130.12};{"Runtimes": [6123.753070831299], "Hits": [0.6203026608411831], "Cost": 3281.29};{"Runtimes": [30.251026153564453], "Hits": [0.9816378117994945], "Cost": 2659.03};{"Runtimes": [2076.902151107788], "Hits": [0.7934048347378834], "Cost": 3098.74};{"Runtimes": [412.7790927886963], "Hits": [0.7334794494720965], "Cost": 30447.12};{"Runtimes": [1153.160810470581], "Hits": [0.9493398054735469], "Cost": 3132.41};{"Runtimes": [96.13800048828125], "Hits": [0.9451317374616275], "Cost": 3373.63};{"Runtimes": [250.9622573852539], "Hits": [0.9320932058565424], "Cost": 3097.09};{"Runtimes": [63.65609169006348], "Hits": [0.9887574693525535], "Cost": 1805.98};{"Runtimes": [614.0692234039307], "Hits": [0.9334705859111795], "Cost": 3095.47};{"Runtimes": [112.51187324523926], "Hits": [0.746433770014556], "Cost": 2790.95};{"Runtimes": [166.8386459350586], "Hits": [0.9897306817551451], "Cost": 2736.1};{"Runtimes": [13069.719791412354], "Hits": [0.4713179152914127], "Cost": 3805.14};{"Runtimes": [2553.3697605133057], "Hits": [0.9628503343237752], "Cost": 3902.2};{"Runtimes": [4.6329498291015625], "Hits": [0.9989528795811519], "Cost": 2704.04};{"Runtimes": [122.89285659790039], "Hits": [0.8777026615506426], "Cost": 3694.36};{"Runtimes": [587.3458385467529], "Hits": [0.6748481419336377], "Cost": 3498.83};{"Runtimes": [29.443740844726562], "Hits": [0.9370755342057313], "Cost": 3018.55};{"Runtimes": [87.09478378295898], "Hits": [0.004184987021242782], "Cost": 36742.67};{"Runtimes": [156.8470001220703], "Hits": [0.7026143790849673], "Cost": 2988.53};{"Runtimes": [629.6970844268799], "Hits": [0.8586051116320353], "Cost": 6766.43};{"Runtimes": [108.84928703308105], "Hits": [0.6789156400005013], "Cost": 42857.51};{"Runtimes": [641.2441730499268], "Hits": [0.7208921111636657], "Cost": 160038.3};[I(C company_name.id), I(C kind_type.id), I(C info_type.id), I(C keyword.id), I(C company_type.id), I(C name.id), I(C char_name.id), I(C link_type.id), I(C title.id), I(C movie_keyword.movie_id), I(C movie_info_idx.movie_id), I(C movie_link.movie_id), I(C complete_cast.movie_id), I(C movie_companies.movie_id), I(C movie_info.movie_id), I(C cast_info.person_id), I(C aka_name.person_id), I(C movie_keyword.keyword_id,C movie_keyword.movie_id), I(C movie_link.link_type_id,C movie_link.movie_id), I(C movie_link.linked_movie_id,C movie_link.link_type_id), I(C movie_info.movie_id,C movie_info.info_type_id), I(C movie_companies.movie_id,C movie_companies.company_id), I(C cast_info.movie_id,C cast_info.person_id), I(C person_info.person_id,C person_info.info_type_id), I(C cast_info.role_id,C cast_info.person_id), I(C complete_cast.status_id,C complete_cast.movie_id)]
2026-06-30 11:44:06;53e9803;relaxation;{"max_index_width": 2, "budget_MB": 6250, "benchmark_name": "JOB_REFINED", "allowed_transformations": ["splitting", "merging", "prefixing", "removal"]};1;JOB_REFINED;postgres;42.67;37.16503143310547;1.6969656944274902;2145;25;88.68;4562944000;20823;19185;{"Runtimes": [2282.623052597046], "Hits": [0.47825015740918175], "Cost": 46668.11};{"Runtimes": [51.753997802734375], "Hits": [0.9948533135474449], "Cost": 2945.71};{"Runtimes": [495.55397033691406], "Hits": [0.8547855923582254], "Cost": 16857.11};{"Runtimes": [266.77608489990234], "Hits": [0.9729070768238711], "Cost": 19206.05};{"Runtimes": [1114.5379543304443], "Hits": [0.6135233272351645], "Cost": 3096.08};{"Runtimes": [2051.2309074401855], "Hits": [0.5394443463024059], "Cost": 249188.87};{"Runtimes": [493.7880039215088], "Hits": [0.8402618295426726], "Cost": 2695.18};{"Runtimes": [8003.542900085449], "Hits": [0.9455983291679426], "Cost": 3492.63};{"Runtimes": [618.506908416748], "Hits": [0.6452368158440163], "Cost": 17116.96};{"Runtimes": [642.4169540405273], "Hits": [0.8298152050639072], "Cost": 157033.57};{"Runtimes": [35.42494773864746], "Hits": [0.08224947355382138], "Cost": 20124.19};{"Runtimes": [2657.9880714416504], "Hits": [0.6170691747324898], "Cost": 3280.47};{"Runtimes": [30.84731101989746], "Hits": [0.9781174634699957], "Cost": 2658.92};{"Runtimes": [2078.289031982422], "Hits": [0.7954900460894663], "Cost": 3098.22};{"Runtimes": [163.7279987335205], "Hits": [0.7411411051223041], "Cost": 30407.18};{"Runtimes": [633.8298320770264], "Hits": [0.9473077679389406], "Cost": 3123.74};{"Runtimes": [168.31207275390625], "Hits": [0.8957909735675061], "Cost": 3361.42};{"Runtimes": [112.24198341369629], "Hits": [0.904108165527434], "Cost": 3096.58};{"Runtimes": [66.42007827758789], "Hits": [0.9906652929974088], "Cost": 1777.47};{"Runtimes": [369.2800998687744], "Hits": [0.9021390755205242], "Cost": 3094.99};{"Runtimes": [146.12913131713867], "Hits": [0.8674855320656667], "Cost": 2805.77};{"Runtimes": [326.8301486968994], "Hits": [0.9881011815609918], "Cost": 2739.11};{"Runtimes": [12263.431787490845], "Hits": [0.4931082232962067], "Cost": 3796.42};{"Runtimes": [1178.4098148345947], "Hits": [0.9624198723832321], "Cost": 3891.81};{"Runtimes": [5.070924758911133], "Hits": [0.9926701570680628], "Cost": 2708.89};{"Runtimes": [48.72870445251465], "Hits": [0.8530715005035246], "Cost": 3285.77};{"Runtimes": [1969.2790508270264], "Hits": [0.6754234808336314], "Cost": 3485.83};{"Runtimes": [70.96004486083984], "Hits": [0.9016688752691734], "Cost": 3017.12};{"Runtimes": [57.13987350463867], "Hits": [0.0031288115819059236], "Cost": 39652.81};{"Runtimes": [13.019084930419922], "Hits": [0.5499533146591971], "Cost": 3018.05};{"Runtimes": [89.68997001647949], "Hits": [0.8624024120418669], "Cost": 6885.37};{"Runtimes": [92.84305572509766], "Hits": [0.6834994046499968], "Cost": 43341.08};{"Runtimes": [1875.0710487365723], "Hits": [0.9174749240149307], "Cost": 153427.62};[I(C company_name.id), I(C kind_type.id), I(C info_type.id), I(C keyword.id), I(C name.id), I(C char_name.id), I(C comp_cast_type.id), I(C title.id), I(C cast_info.movie_id), I(C movie_info_idx.movie_id), I(C complete_cast.movie_id), I(C movie_info.movie_id), I(C person_info.person_id), I(C aka_name.person_id), I(C cast_info.role_id), I(C movie_keyword.keyword_id,C movie_keyword.movie_id), I(C movie_link.link_type_id,C movie_link.movie_id), I(C movie_link.linked_movie_id,C movie_link.link_type_id), I(C movie_link.movie_id,C movie_link.link_type_id), I(C movie_info.movie_id,C movie_info.info_type_id), I(C movie_companies.movie_id,C movie_companies.company_id), I(C cast_info.movie_id,C cast_info.person_id), I(C movie_keyword.movie_id,C movie_keyword.keyword_id), I(C cast_info.role_id,C cast_info.person_id), I(C complete_cast.status_id,C complete_cast.movie_id)]
2026-06-30 11:46:47;53e9803;relaxation;{"max_index_width": 2, "budget_MB": 7500, "benchmark_name": "JOB_REFINED", "allowed_transformations": ["splitting", "merging", "prefixing", "removal"]};1;JOB_REFINED;postgres;2.97;1.7092533111572266;1.0389511585235596;1442;31;90.18;5204000768;33;0;{"Runtimes": [303.0428886413574], "Hits": [0.47877650372983804], "Cost": 46331.42};{"Runtimes": [47.79791831970215], "Hits": [0.9950693557489529], "Cost": 2941.78};{"Runtimes": [342.22412109375], "Hits": [0.853480699908281], "Cost": 16822.98};{"Runtimes": [339.4639492034912], "Hits": [0.9726539466494999], "Cost": 19205.99};{"Runtimes": [238.9700412750244], "Hits": [0.611238252909383], "Cost": 3096.67};{"Runtimes": [1900.6946086883545], "Hits": [0.5281624850657108], "Cost": 250021.95};{"Runtimes": [236.73701286315918], "Hits": [0.8435550996141337], "Cost": 2695.99};{"Runtimes": [8161.070823669434], "Hits": [0.9456653109399501], "Cost": 3399.31};{"Runtimes": [594.1848754882812], "Hits": [0.645998055321], "Cost": 17111.11};{"Runtimes": [201.37619972229004], "Hits": [0.34149305949973874], "Cost": 165997.52};{"Runtimes": [31.908750534057617], "Hits": [0.2299491756538986], "Cost": 20142.38};{"Runtimes": [2987.9908561706543], "Hits": [0.6211208123431268], "Cost": 3279.9};{"Runtimes": [27.598857879638672], "Hits": [0.9962439521263051], "Cost": 2658.86};{"Runtimes": [1541.8622493743896], "Hits": [0.790954043332714], "Cost": 3098.81};{"Runtimes": [335.63899993896484], "Hits": [0.7278712221794499], "Cost": 30371.76};{"Runtimes": [1487.4260425567627], "Hits": [0.9516216805357178], "Cost": 3122.26};{"Runtimes": [105.61585426330566], "Hits": [0.9027913417972815], "Cost": 3360.66};{"Runtimes": [294.3408489227295], "Hits": [0.8570621093230483], "Cost": 3096.52};{"Runtimes": [71.81096076965332], "Hits": [0.9903422542056661], "Cost": 1923.45};{"Runtimes": [393.5821056365967], "Hits": [0.9225919272908959], "Cost": 3095.0};{"Runtimes": [149.8270034790039], "Hits": [0.7361608372349215], "Cost": 2784.5};{"Runtimes": [314.76473808288574], "Hits": [0.9854093859211184], "Cost": 2735.99};{"Runtimes": [32793.06125640869], "Hits": [0.3187449276464129], "Cost": 3894.81};{"Runtimes": [2429.8455715179443], "Hits": [0.9626854347022643], "Cost": 3891.23};{"Runtimes": [6.289005279541016], "Hits": [0.005235602094240838], "Cost": 2703.93};{"Runtimes": [114.25185203552246], "Hits": [0.8709422011084719], "Cost": 3739.99};{"Runtimes": [1773.4301090240479], "Hits": [0.6753259420619696], "Cost": 3476.8};{"Runtimes": [59.57984924316406], "Hits": [0.897113632598973], "Cost": 3017.12};{"Runtimes": [54.778099060058594], "Hits": [0.0031288115819059236], "Cost": 38073.31};{"Runtimes": [9.773969650268555], "Hits": [0.699813258636788], "Cost": 2999.98};{"Runtimes": [207.14902877807617], "Hits": [0.859405361718226], "Cost": 6829.98};{"Runtimes": [68.3751106262207], "Hits": [0.6598834626077463], "Cost": 43774.47};{"Runtimes": [546.4019775390625], "Hits": [0.6931336903029669], "Cost": 169888.61};[I(C company_name.id), I(C comp_cast_type.id), I(C kind_type.id), I(C link_type.id), I(C info_type.id), I(C keyword.id), I(C company_type.id), I(C name.id), I(C char_name.id), I(C title.id), I(C cast_info.movie_id), I(C movie_info_idx.movie_id), I(C movie_link.movie_id), I(C complete_cast.movie_id), I(C movie_companies.movie_id), I(C movie_info.movie_id), I(C person_info.person_id), I(C cast_info.person_id), I(C aka_name.person_id), I(C movie_keyword.keyword_id,C movie_keyword.movie_id), I(C movie_link.link_type_id,C movie_link.movie_id), I(C movie_link.linked_movie_id,C movie_link.link_type_id), I(C movie_link.movie_id,C movie_link.link_type_id), I(C movie_info.movie_id,C movie_info.info_type_id), I(C movie_companies.movie_id,C movie_companies.company_id), I(C cast_info.movie_id,C cast_info.person_id), I(C movie_keyword.movie_id,C movie_keyword.keyword_id), I(C person_info.person_id,C person_info.info_type_id), I(C cast_info.role_id,C cast_info.movie_id), I(C cast_info.role_id,C cast_info.person_id), I(C complete_cast.status_id,C complete_cast.movie_id)]
2026-06-30 11:49:11;53e9803;relaxation;{"max_index_width": 2, "budget_MB": 10000, "benchmark_name": "JOB_REFINED", "allowed_transformations": ["splitting", "merging", "prefixing", "removal"]};1;JOB_REFINED;postgres;3.04;1.7201240062713623;1.0658385753631592;1442;31;96.95;5158559744;33;0;{"Runtimes": [603.4448146820068], "Hits": [0.4800058806233461], "Cost": 45713.28};{"Runtimes": [52.320003509521484], "Hits": [0.9905486084296196], "Cost": 2942.16};{"Runtimes": [226.84001922607422], "Hits": [0.8525921343600902], "Cost": 16814.94};{"Runtimes": [263.2911205291748], "Hits": [0.973209523242793], "Cost": 19206.05};{"Runtimes": [1605.3590774536133], "Hits": [0.6100313719488867], "Cost": 3096.59};{"Runtimes": [1703.8612365722656], "Hits": [0.5410681003584229], "Cost": 249617.2};{"Runtimes": [286.8630886077881], "Hits": [0.8399295881372332], "Cost": 2690.3};{"Runtimes": [5760.540723800659], "Hits": [0.9456569473890094], "Cost": 3354.21};{"Runtimes": [994.7471618652344], "Hits": [0.6462736018011564], "Cost": 17093.51};{"Runtimes": [667.3390865325928], "Hits": [0.3456682776999864], "Cost": 83663.46};{"Runtimes": [2.1393299102783203], "Hits": [0.4696969696969697], "Cost": 22668.44};{"Runtimes": [2629.5387744903564], "Hits": [0.6187048106216915], "Cost": 3280.88};{"Runtimes": [61.09428405761719], "Hits": [0.9967373312961548], "Cost": 2659.02};{"Runtimes": [987.7498149871826], "Hits": [0.7908497371157375], "Cost": 3098.73};{"Runtimes": [201.2801170349121], "Hits": [0.7420522234293635], "Cost": 30428.72};{"Runtimes": [741.6048049926758], "Hits": [0.9507284110015441], "Cost": 3121.11};{"Runtimes": [109.77387428283691], "Hits": [0.9440931141032004], "Cost": 3360.45};{"Runtimes": [405.27915954589844], "Hits": [0.8626313339539833], "Cost": 3096.9};{"Runtimes": [70.67203521728516], "Hits": [0.9917532884937993], "Cost": 1986.54};{"Runtimes": [467.24724769592285], "Hits": [0.946510552662543], "Cost": 3095.49};{"Runtimes": [138.17596435546875], "Hits": [0.6773399014778325], "Cost": 2782.58};{"Runtimes": [403.49698066711426], "Hits": [0.9868280911965385], "Cost": 2736.99};{"Runtimes": [8106.499910354614], "Hits": [0.4071402462261143], "Cost": 3821.69};{"Runtimes": [1572.3843574523926], "Hits": [0.9630336028117787], "Cost": 3892.05};{"Runtimes": [5.742073059082031], "Hits": [0.9465968586387434], "Cost": 2704.04};{"Runtimes": [68.06302070617676], "Hits": [0.8711249162555575], "Cost": 3717.3};{"Runtimes": [1929.781198501587], "Hits": [0.6769320805019996], "Cost": 3491.99};{"Runtimes": [62.32118606567383], "Hits": [0.8825161504058308], "Cost": 3018.55};{"Runtimes": [62.905073165893555], "Hits": [0.0051439783634724505], "Cost": 40899.82};{"Runtimes": [92.1320915222168], "Hits": [0.702769996887644], "Cost": 2987.05};{"Runtimes": [262.2971534729004], "Hits": [0.8561602219445368], "Cost": 6790.92};{"Runtimes": [84.06519889831543], "Hits": [0.659731126147284], "Cost": 43720.49};{"Runtimes": [2773.143768310547], "Hits": [0.9177639044467228], "Cost": 153101.37};[I(C company_name.id), I(C kind_type.id), I(C link_type.id), I(C info_type.id), I(C keyword.id), I(C company_type.id), I(C name.id), I(C char_name.id), I(C title.id), I(C cast_info.movie_id), I(C movie_info_idx.movie_id), I(C movie_link.movie_id), I(C complete_cast.movie_id), I(C movie_companies.movie_id), I(C movie_info.movie_id), I(C person_info.person_id), I(C aka_name.person_id), I(C cast_info.role_id), I(C movie_info_idx.info_type_id,C movie_info_idx.movie_id), I(C movie_keyword.keyword_id,C movie_keyword.movie_id), I(C movie_link.link_type_id,C movie_link.movie_id), I(C movie_link.linked_movie_id,C movie_link.link_type_id), I(C movie_link.movie_id,C movie_link.link_type_id), I(C movie_info.movie_id,C movie_info.info_type_id), I(C movie_companies.movie_id,C movie_companies.company_id), I(C cast_info.movie_id,C cast_info.person_id), I(C movie_keyword.movie_id,C movie_keyword.keyword_id), I(C person_info.person_id,C person_info.info_type_id), I(C cast_info.role_id,C cast_info.movie_id), I(C cast_info.role_id,C cast_info.person_id), I(C complete_cast.status_id,C complete_cast.movie_id)]
2026-06-30 11:51:37;53e9803;relaxation;{"max_index_width": 2, "budget_MB": 12500, "benchmark_name": "JOB_REFINED", "allowed_transformations": ["splitting", "merging", "prefixing", "removal"]};1;JOB_REFINED;postgres;2.93;1.6229662895202637;1.0501055717468262;1442;32;91.41;5224267776;33;0;{"Runtimes": [946.5658664703369], "Hits": [0.479725525324289], "Cost": 46193.24};{"Runtimes": [51.98383331298828], "Hits": [0.9956634092731755], "Cost": 2942.23};{"Runtimes": [217.818021774292], "Hits": [0.8522435601185948], "Cost": 16804.62};{"Runtimes": [342.9141044616699], "Hits": [0.9726010797710626], "Cost": 19206.08};{"Runtimes": [243.2239055633545], "Hits": [0.6112278187800416], "Cost": 3096.74};{"Runtimes": [1426.1150360107422], "Hits": [0.5257992831541218], "Cost": 249472.27};{"Runtimes": [170.5012321472168], "Hits": [0.847507023699887], "Cost": 2693.86};{"Runtimes": [5016.036033630371], "Hits": [0.9456519586042378], "Cost": 3451.93};{"Runtimes": [1491.429090499878], "Hits": [0.6454514053244975], "Cost": 17089.16};{"Runtimes": [175.40693283081055], "Hits": [0.4260693798274538], "Cost": 83641.32};{"Runtimes": [34.796953201293945], "Hits": [0.011776372877153836], "Cost": 20136.53};{"Runtimes": [4064.081907272339], "Hits": [0.6199237066423705], "Cost": 3281.8};{"Runtimes": [32.460927963256836], "Hits": [0.9819041252864782], "Cost": 2659.05};{"Runtimes": [686.6531372070312], "Hits": [0.7949975390251932], "Cost": 3098.88};{"Runtimes": [106.53901100158691], "Hits": [0.727839797625875], "Cost": 30449.73};{"Runtimes": [902.7950763702393], "Hits": [0.9536444939689063], "Cost": 3123.39};{"Runtimes": [127.61092185974121], "Hits": [0.9039360560990057], "Cost": 3361.73};{"Runtimes": [217.82708168029785], "Hits": [0.8883412022875382], "Cost": 3097.1};{"Runtimes": [73.60672950744629], "Hits": [0.9904990357932364], "Cost": 1703.17};{"Runtimes": [347.58877754211426], "Hits": [0.9369537685285565], "Cost": 3095.6};{"Runtimes": [140.84792137145996], "Hits": [0.7661518381553187], "Cost": 2783.82};{"Runtimes": [171.60391807556152], "Hits": [0.9898166638930493], "Cost": 2735.24};{"Runtimes": [20209.87606048584], "Hits": [0.6335334699918872], "Cost": 3975.62};{"Runtimes": [1577.9199600219727], "Hits": [0.9624880986472231], "Cost": 3892.83};{"Runtimes": [5.336999893188477], "Hits": [0.9602094240837696], "Cost": 2704.07};{"Runtimes": [49.63374137878418], "Hits": [0.8585131894484412], "Cost": 3418.46};{"Runtimes": [239.87793922424316], "Hits": [0.6773807588516435], "Cost": 3497.59};{"Runtimes": [26.763200759887695], "Hits": [0.8822676826238198], "Cost": 3018.91};{"Runtimes": [82.30805397033691], "Hits": [0.0031288115819059236], "Cost": 40605.57};{"Runtimes": [161.75198554992676], "Hits": [0.5499533146591971], "Cost": 3013.48};{"Runtimes": [614.8622035980225], "Hits": [0.8578912976189111], "Cost": 6858.71};{"Runtimes": [154.52814102172852], "Hits": [0.6698488060629911], "Cost": 42976.43};{"Runtimes": [947.746992111206], "Hits": [0.6966395990771264], "Cost": 122560.88};[I(C company_name.id), I(C kind_type.id), I(C keyword.id), I(C link_type.id), I(C char_name.id), I(C comp_cast_type.id), I(C title.id), I(C info_type.id), I(C company_type.id), I(C name.id), I(C cast_info.movie_id), I(C movie_link.movie_id), I(C complete_cast.movie_id), I(C movie_companies.movie_id), I(C movie_info_idx.movie_id), I(C movie_info.movie_id), I(C cast_info.person_id), I(C aka_name.person_id), I(C person_info.person_id), I(C movie_keyword.keyword_id,C movie_keyword.movie_id), I(C movie_link.link_type_id,C movie_link.movie_id), I(C movie_link.linked_movie_id,C movie_link.link_type_id), I(C movie_link.movie_id,C movie_link.link_type_id), I(C movie_info.movie_id,C movie_info.info_type_id), I(C movie_companies.movie_id,C movie_companies.company_id), I(C cast_info.movie_id,C cast_info.person_id), I(C movie_keyword.movie_id,C movie_keyword.keyword_id), I(C aka_name.person_id,C aka_name.id), I(C person_info.person_id,C person_info.info_type_id), I(C cast_info.role_id,C cast_info.movie_id), I(C cast_info.role_id,C cast_info.person_id), I(C complete_cast.status_id,C complete_cast.movie_id)]
2026-06-30 12:07:28;53e9803;relaxation;{"max_index_width": 2, "budget_MB": 15000, "benchmark_name": "JOB_REFINED", "allowed_transformations": ["splitting", "merging", "prefixing", "removal"]};1;JOB_REFINED;postgres;2.84;1.637753963470459;1.0025866031646729;1442;32;98.85;5224267776;33;0;{"Runtimes": [899.158239364624], "Hits": [0.4786915875058173], "Cost": 46595.27};{"Runtimes": [45.53985595703125], "Hits": [0.9948257938040217], "Cost": 2943.39};{"Runtimes": [358.43896865844727], "Hits": [0.8545795203253767], "Cost": 16814.39};{"Runtimes": [229.25496101379395], "Hits": [0.9726443571683598], "Cost": 19206.02};{"Runtimes": [607.5210571289062], "Hits": [0.6145736962555388], "Cost": 3096.24};{"Runtimes": [3015.6989097595215], "Hits": [0.5257149548455861], "Cost": 249263.62};{"Runtimes": [133.02087783813477], "Hits": [0.8432636597848008], "Cost": 2697.16};{"Runtimes": [8158.853769302368], "Hits": [0.9456621562672269], "Cost": 3508.63};{"Runtimes": [1014.0180587768555], "Hits": [0.6455956096812158], "Cost": 17089.35};{"Runtimes": [292.3738956451416], "Hits": [0.42220530937262163], "Cost": 167897.56};{"Runtimes": [31.87394142150879], "Hits": [0.011032601958596752], "Cost": 20141.03};{"Runtimes": [3076.2879848480225], "Hits": [0.6195750615236064], "Cost": 3281.76};{"Runtimes": [35.67695617675781], "Hits": [0.9963553603259485], "Cost": 2658.91};{"Runtimes": [2466.9299125671387], "Hits": [0.7944250416801798], "Cost": 3098.38};{"Runtimes": [126.39689445495605], "Hits": [0.7405430529109255], "Cost": 30404.07};{"Runtimes": [468.1742191314697], "Hits": [0.9481781722120006], "Cost": 3124.52};{"Runtimes": [201.62677764892578], "Hits": [0.9091953378908438], "Cost": 3361.96};{"Runtimes": [243.00169944763184], "Hits": [0.746774001260311], "Cost": 3096.72};{"Runtimes": [69.28896903991699], "Hits": [0.9903892886819372], "Cost": 1821.98};{"Runtimes": [296.86617851257324], "Hits": [0.9098035386372205], "Cost": 3095.12};{"Runtimes": [125.60105323791504], "Hits": [0.7083448085926742], "Cost": 2787.45};{"Runtimes": [155.57289123535156], "Hits": [0.9854093859211184], "Cost": 2738.69};{"Runtimes": [9524.970054626465], "Hits": [0.630805431784426], "Cost": 3797.23};{"Runtimes": [1483.7901592254639], "Hits": [0.9624914640683169], "Cost": 3894.04};{"Runtimes": [7.421731948852539], "Hits": [0.9445026178010472], "Cost": 2703.96};{"Runtimes": [49.857139587402344], "Hits": [0.8547408218087752], "Cost": 3282.3};{"Runtimes": [705.1310539245605], "Hits": [0.675082270001691], "Cost": 3484.13};{"Runtimes": [26.76701545715332], "Hits": [0.9014825244326652], "Cost": 3017.48};{"Runtimes": [54.24785614013672], "Hits": [0.0031288115819059236], "Cost": 40997.27};{"Runtimes": [11.313915252685547], "Hits": [0.5494864612511672], "Cost": 3028.24};{"Runtimes": [94.37084197998047], "Hits": [0.8701406642286396], "Cost": 6860.23};{"Runtimes": [200.9580135345459], "Hits": [0.6634379800185343], "Cost": 43043.68};{"Runtimes": [376.30605697631836], "Hits": [0.6922165936720333], "Cost": 122780.28};[I(C company_type.id), I(C keyword.id), I(C kind_type.id), I(C title.id), I(C comp_cast_type.id), I(C char_name.id), I(C name.id), I(C company_name.id), I(C link_type.id), I(C info_type.id), I(C movie_link.movie_id), I(C movie_companies.movie_id), I(C cast_info.movie_id), I(C movie_info_idx.movie_id), I(C movie_info.movie_id), I(C complete_cast.movie_id), I(C person_info.person_id), I(C aka_name.person_id), I(C cast_info.person_id), I(C movie_keyword.keyword_id,C movie_keyword.movie_id), I(C movie_link.link_type_id,C movie_link.movie_id), I(C movie_link.linked_movie_id,C movie_link.link_type_id), I(C movie_keyword.movie_id,C movie_keyword.keyword_id), I(C cast_info.movie_id,C cast_info.person_id), I(C movie_companies.movie_id,C movie_companies.company_id), I(C movie_info.movie_id,C movie_info.info_type_id), I(C movie_link.movie_id,C movie_link.link_type_id), I(C person_info.person_id,C person_info.info_type_id), I(C aka_name.person_id,C aka_name.id), I(C cast_info.role_id,C cast_info.movie_id), I(C cast_info.role_id,C cast_info.person_id), I(C complete_cast.status_id,C complete_cast.movie_id)]
